Author,Date,Region,Sentence,Qwen3-32b
Brunetto Latini,1260-61,fior.,"quella guerra ben fatta l' opera perché etc. Et dall' altra parte Aiaces era uno cavaliere franco e prode all' arme, di gran guisa, ma non era pieno di grande senno","Quella guerra ben condotta l'aveva fatta perché e così via. E dall'altra parte Aiaces era un cavaliere libero e prode in battaglia, di grande statura, ma non era pieno di grande senno."
Bono Giamboni,1292,fior.,"crudele, e di tutte le colpe pigli vendetta, come dice la legge, ed a neuno cavaliere perdoni che pecchi.","Crudele, e prendi vendetta per tutti i peccati, come dice la legge, e non perdonare a nessun cavaliere che pecchi."
Valerio Massimo (red. V1,1336,fior.,"Non d' altra forza d' animo fue ornato Ponzio Aufidiano, romano cavaliere.","Ponzio Aufidiano, cavaliere romano, non fu dotato di altra forza d'animo."
Lucano volg. (ed. Marinoni),1330/40,prat.,"Se questo piace a tutti e se 'l tempo hae bisogno d'avere Pompeio per cavaliere e non per compagno, non riterrò più i fati.","Se questo piace a tutti e se il tempo ha bisogno di avere Pompeo come cavaliere e non come compagno, non riterrò più i fati."
Brunetto Latini,1260-61,fior.,"Officio di questa arte pare che sia dicere appostatamente per fare credere, fine è far credere per lo dire.",La funzione di questa arte sembra essere parlare strategicamente per far credere; lo scopo è far credere attraverso il parlare.
Simintendi,1333,tosc.,Ecco e larghi ventipiovoli caggiono delle risolute nebbie; e potresti credere che tutto il cielo cadesse nel mare,Ecco che i larghi venti piovigginanti cadono dalle nebbie dense; e potresti credere che tutto il cielo cadesse nel mare.
Agostino da Scarperia (?),1390,tosc.,"Però che or chi spererebbe quello che eziandio questi che non vogliono ancora credere in Cristo, già veggiono con noi, e perché nol possono negare, stridono colli denti.","Ma chi oggi potrebbe sperare che neanche questi, che non vogliono ancora credere in Cristo, vedono già con noi e, non potendolo negare, stridono i denti."
Bono Giamboni,1292,fior.,I vendimenti de' morti et le presure de' vivi fece la frode d'uno feroce re.,Le vendite dei morti e le pressioni dei vivi fecero la frode di un feroce re.
Bart. da San Concordio,1313,tosc.,"Acciocché quegli, il quale ora per le sue gran reità è feroce e onorevole, egli d'ogni male afflitto e tormentato della impietà verso il mio padre.","Affinché colui che ora, a causa delle sue grandi colpe, è feroce e onorevole, possa essere afflitto e tormentato da ogni male per l'impietà verso mio padre."
Brunetto Latini,1260-61,fior.,Gli uomini spessamente a stare fermi nella bugia incontra la verità.,"Gli uomini spesso, rimanendo fissi nella bugia, incontrano la verità."
Filippo da Santa Croce,1323,tosc.,"Marco Cornelio ch'era de' dieci compagni, studiosamente  si riservò di parlare all'ultimo.","Marco Cornelio, che era dei dieci compagni, studiosamente si riservò di parlare per ultimo."
Cavalca,1330,tosc.,cose ch'io sapeva che erano fatte in Italia.,cose che io sapevo che erano fatte in Italia.
Valerio Massimo (red. V1,1336,fior.,Corbio nipote d' Ortensio menò sua vita più bassa e più viziosa,"Corvbio, il nipote di Ortensio, menò una vita più bassa e più viziosa."
Brunetto Latini,1260-61,fior.,"Altressì uno amante chiamando merzé alla sua donna dice parole e ragioni molte, et ella si difende in suo dire.","Un amante, chiamando merzé alla sua donna, dice molte parole e ragioni, e lei si difende con le sue."
Arte Am. Ovid. (B),1310/13,fior.,"Io mi ricordo (ch. 347) che essendo adirato scapigliai la mia donna. Ohi, quanti dì questa ira mi tolse!","Io ricordo (cap. 347) che, essendo adirato, scapigliai la mia donna. Oh, quanti giorni questa ira mi ha tolto!"
Rim. Am. Ovid. (B),1310/13,fior.,colui del quale tu tti solevi dolere ch' era amante della tua donna;,L'uomo del quale ti lamentavi che fosse l'amante della tua donna.
Fatti de' Romani (H+R),1313,fior.,"Ma no sapeano già le nomora di coloro dela congiurazione, ché la donna no nominava già li nomi.","Ma non sapevano già le informazioni sui congiurati, perché la donna non aveva ancora pronunciato i loro nomi."
Ceffi,1325,fior.,"Creti?  Certo quand'elli si mosse, elli ti dixe: ""O fedele mia donna, fa' che in mio luogo ti sia racomandato il nostro hoste troiano"".","Creti? Certamente quando lui si mosse, lui ti disse: ""Oh fedele mia dama, fa' che al mio posto tu venga raccomandato il nostro ospite troiano""."
Valerio Massimo (red. V1,1336,fior.,"A Milano fue ripressa la malvagità d' una donna in simile bugìa, nel tempo medesimo di questo signore della republica, in questo modo: ","A Milano fu repressa la malvagità di una donna per una simile menzogna, nello stesso tempo di questo signore della repubblica, in questo modo:"
Filippo da Santa Croce,1323,tosc.,"E lamentavansi dell'iniquità d'Appio, e ripiagnevano la malavventurata beltà della pulcella e la necessità del padre.","E si lamentavano dell'iniquità di Appio, e piangevano la bellezza malavventurata della giovane e la necessità del padre."
Brunetto Latini,1294,fior.,"Nella quale battaglia, certo io ebbi sempre ardire di ragionare di pace e sempre mi dolfi che non solamente la pace era schifata,","In quella battaglia, certamente ho sempre avuto il coraggio di discutere della pace e sempre mi è dispiaciuto che non soltanto la pace veniva rifiutata."
Bart. da San Concordio,1313,tosc.,"la seconda suole talora per la grande provedenzia fare timoroso, e la prima per l'ardire rendere altrui matto.","La seconda a volte, per la grande previdenza, rende timoroso, e la prima per l'audacia rende pazzo qualcun altro."
Valerio Massimo (red. V1,1336,fior.,Andò nel campo de' Cartaginesi e tutta la legione trasse seco.,Andò nel campo dei Cartaginesi e prese con sé tutta la legione.
Zanobi da Strada,1361,tosc.,"Non lo volle cognoscere per nimico. Qesta è quella, la quale diede ardire al profeta Natan a riprendere con grande autoritade quello re, il quale avea peccato.",Non lo volle riconoscere come nemico. Questa è quella che diede coraggio al profeta Natan per riprendere con grande autorità quel re che aveva peccato.
Frontino volg.,1381,bologn.,"l'armi et insieme con loro passaseno tra li nimici, perçò se alcuno non avesse ardire de questo et sì avevano questo animo.","Le armi, insieme con loro, passarono tra i nemici; però, se qualcuno non aveva il coraggio di farlo, avevano comunque questo spirito."
Giovanni da San Miniato,1415,tosc.,Unde ragionevolemente Iob è interpretato dolente;,Dunque ragionevolmente Iob è interpretato dolente;
Filippo da Santa Croce,1323,tosc.,"quello che sopra tutti gli altri perdonasse a' cittadini, e a cui più sicuramente possiate credere; poi ch'egli fu vostro comandatore.",Colui che perdonò ai cittadini più di tutti gli altri e in cui potete più sicuramente riporre la vostra fiducia; poiché fu il vostro comandante.
Zanobi da Strada,1361,tosc.,"in vano si domanda chi questo Libro scrivesse, con ciò sia cosa che fedelmente si debba credere che l'Auttore di quello fusse lo Spirito santo.","Inutilmente si chiede chi abbia scritto questo libro, dato che si deve credere fedelmente che l'Autore fosse lo Spirito Santo."
Agostino da Scarperia (?),1390,tosc.,"se non fosse usatissima, ciò parrebbe certo molto più incredibile: certo più agevolmente si può credere quello, posto che l'umano spirito al divino, ed il mutabile allo incommutabile","Se non fosse molto comune, ciò sembrerebbe certo molto più incredibile: certo più facilmente si può credere a ciò, dato che lo spirito umano si rapporta al divino, e il mutevole all'immutevole."
Brunetto Latini,1260-61,fior.,che prendessero la paga dal camarlingo per loro dispensa et immantenente andassero alla presenzia di messer lo papa per contradiare il passamento de' cavalieri che veniano di Cecilia in Toscana,Che ricevessero la paga dal camerlengo a loro discrezione e immediatamente andassero alla presenza del Papa per contraddire il passaggio dei cavalieri che venivano da Cecilia in Toscana.
Bonsignori,1375-77,umbr.-tosc.,"Teseo reguardò Achelao fortemente meravigliandose e disse così: ""O messer Achelao, io vi prego che voi me diciate in che modo voi perdeste","Teseo guardò Achelao meravigliandosi molto e disse così: ""O messer Achelao, vi prego di dirmi in che modo voi l'avete perso""."
Giovanni da San Miniato,1415,tosc.,"Io spero in messer Iesù di mandare tosto a voi Timoteo, acciocché io sia d'animo buono","Spero che il Signore Gesù manderà presto da voi Timoteo, affinché io abbia un buon animo."
Brunetto Latini,1260-61,fior.,sanza fallo lo porco salvatico avanza l' uomo d' udire e 'l lupo cerviere del vedere,Senza dubbio il cinghiale selvatico supera l'uomo nell'udito e il lupo nella vista.
Bono Giamboni,1292,fior.,uno luogo si mandano lancioni;  la quale cosa i cavalieri l' appellano capo di porco,Un luogo dove si lanciano lunghe lance; un posto che i cavalieri chiamano capo di porco.
Arte Am. Ovid. (B),1310/13,fior.,tenda le reti a li cerbi e sa bene in quali valle dimori il furioso porco cinghiare.,Tendi le reti ai cervi e sai bene in quale valle dimori il furioso cinghiale.
Rim. Am. Ovid. (B),1310/13,fior.,"Ora spaventerai li disidirosi cervi con varie e diverse paure, o lo porco cenghiare caggia in terra passato collo spiedo.","Ora spaventerai i cervi desiderosi con paure varie e diverse, o il porco cinghiale cade a terra dopo essere stato colpito con la lancia."
Brunetto Latini,1260-61,fior.,"tratta la natura delle cose incorporali le quali non conversano intra lle corpora, sì come Dio e le divine cose.","Tratta della natura delle cose incorporee, le quali non interagiscono tra i corpi, come Dio e le cose divine."
Bono Giamboni,1292,fior.,"Dio, per la quale si dispensano et iudicano tutte le cose.","Dio, per il quale si dispensano e giudicano tutte le cose."
Bonsignori,1375-77,umbr.-tosc.,"Unde gli poeti, parlando de lloro, dicono le virtute loro e dicono fabolosamente gli loro difetti, quando alcuna passava l'ordine a lloro deputato","I poeti, parlando di loro, dicono le loro virtù e dicono in modo fantastico i loro difetti quando alcuni trasgredivano l'ordine a loro assegnato."
Giovanni dalle Celle (?),1396,tosc.,"e quella cosa, la quale è diricta et onesta, e con virtute, quella sola penso essere lo bene.","E quella cosa che è dritta e onesta, e con virtù, quella sola penso essere il bene."
Fatti de' Romani (H+R),1313,fior.,"Quando li serpenti invellenava di giorno alcuno Romano, allora iera la maraviglia a vedere come li Psille si combattevano al veleno, ché elli imolavano tutto inazzi della loro salive","Quando i serpenti avvelenavano durante il giorno qualcuno romano, allora era la meraviglia vedere come i Psille combattevano il veleno, perché distruggevano tutto con la loro saliva."
Chiose a Rim. Am. (B),1310-,fior.,"Dice il poeta: oh, che bella cosa è vedere apertamente con gli occhi quando tu glel fai diretro o in culo o in altro","Dice il poeta: Oh, che bella cosa è vedere apertamente con gli occhi quando tu glielo fai dietro, in culo o in un altro modo."
Cavalca,1330,tosc.,"ma pur questo fu colpa tua, però che volesti cercare di vedere con gli occhi corporali la cosa invisibile.","Ma pure questo fu colpa tua, però che volesti cercare di vedere con gli occhi corporali la cosa invisibile."
Brunetto Latini,1260-61,fior.,"Vero è, ma non tine rispondo in questo tempo, perciò che ttu se' mio servo, o perciò ch' è tempo feriato, o perciò ch' io non debbo risponderti","È vero, ma non ti rispondo in questo momento, perché sei mio servo, o perché è un giorno festivo, o perché non devo risponderti."
Fatti de' Romani (H+R),1313,fior.,sì convene che lli desse grande avere perché · lasciasse andare via.,Si convenne che loro gli dessero una grande proprietà affinché lo lasciasse andare via.
Filippo da Santa Croce,1323,tosc.,"notabile esemplo a ciascuno che si guardasse di fare e di pensar tradigione, il servo, il quale gli avea accusati, fu francato, e fugli donata grande quantità di moneta","Un esempio notevole per chiunque dovesse evitare di commettere o pensare tradimenti, il servo che li aveva accusati fu perdonato e gli fu donata una grande quantità di denaro."
Valerio Massimo (red. Va),1336,tosc.,che sarebbe a llui cosa sconcia se ll'avesse commesso sì che lla colpa del servo e 'l gastigamento di Platone avesse meritato egualmente.,"che sarebbe a lui cosa sconcia se l'avesse commesso, sì che la colpa del servo e il castigo di Platone avessero meritato ugualmente."
Valerio Massimo (red. V1,1336,fior.,"mostroe massimamente le forze sue, dando lui re a questa cittade ne la quale nacque servo; al quale avvenne lunghissimamente lo imperio tenere","Mostrò al massimo le sue forze, facendolo re di questa città nella quale nacque servo; al quale avvenne di tenere l'impero per molto tempo."
Brunetto Latini,1260-61,fior.,l' anima muta la sua forza per la propietade di quello corpo a cui ella si congiunge.,L’anima cambia la sua forza per la proprietà di quel corpo a cui si unisce.
Cavalca,1308,tosc.,"sono due già non in una carne, ma in uno spirito, cioè Iddio, e l' anima. Onde in altro luogo dice S. Paolo: Chi s' accosta a Dio è uno spirito","Sono ormai non più in una carne, ma in uno spirito, cioè Dio, e l'anima. Dove altrove San Paolo dice: Chi si avvicina a Dio è uno spirito."
Fatti de' Romani (H+R),1313,fior.,"per tanto che Lucano il disse, il vi racontiamo. Ivi, quando l'anima di Pompeo ebe sentito la chiarità di lasusso, ella sì cognobe prima in  grande","Poiché Lucano lo disse, glielo raccontiamo. Allora, quando l'anima di Pompeo ebbe percepito la chiarezza del cielo, ella lo riconobbe immediatamente con grande intensità."
Bono Giamboni,1292,fior.,"Sicchè dolore è a udire, quando l' usare l' arme e la fatica ricusano, con grandissimo disonore come pecore essere","Perciò è doloroso ascoltare quando rifiutano di usare le armi e di faticare, con grande disonore, esser pecore."
Bono Giamboni,1292,fior.,et nonn ebbe in fastido Cristo cotali parole d'udire.,E Cristo non ebbe mai fastidio nel sentire tali parole.
Prima catilinaria volg. (red. A),1294,fior.,"la moltitudine de' quali tu ài potuto vedere e riguardare lo studio e poco dinanzi udire le voci, e lle cui mani e lance apena posso ritenere.","La moltitudine dei quali hai potuto vedere e osservare lo studio e poco prima aver udito le loro voci, e le cui mani e lance a stento riesco a trattenere."
T. Alderotti (?),1295,fior.,"udire di belle novelle et odorare di belli fiori, come et quando et quanto si conviene","Ascoltare belle novelle e odorare bei fiori, come, quando e quanto si conviene."
Filippo da Santa Croce,1323,tosc.,"Il re entrò in uno giardino dietro al suo albergo, quasi come s'egli andasse pensando alla risposta.","Il re è entrato in un giardino dietro il suo albergo, quasi come se stesse pensando alla risposta."
Ceffi,1325,fior.,"Ma io disioso colà dove io non posso col corpo andare, con la mente vi volo","Ma io, ansioso là dove non posso andare con il corpo, volo lì con la mente."
Guido da Pisa,1337,tosc.,Ed ecco di subito tutta questa turba degli uccelli si levò a volo dietro all'aquila,E subito tutta questa folla di uccelli si alzò in volo dietro l'aquila.
Grazia di Meo,1343,tosc.,Vede anche le ragioni del volo degli uccielli e di tutte le cose sa rendere vero giudicio.,Vede anche le ragioni del volo degli uccelli e sa rendere un giudizio vero su tutte le cose.
Zanobi da Strada,1361,tosc.,Or ecco quanto per la sua superbia questo uccello volava in alto.,Ora ecco quanto per la sua superbia questo uccello volava in alto.
Bonsignori,1375-77,umbr.-tosc.,"Gorgone, e ho questa proprietà che io volo per l'aire sì come uno ucello"".","Gorgone, e ho questa abilità che io volo per l'aria sì come un uccello."
Bono Giamboni,1292,fior.,"quando nella matricola si scrivono giurano per Dio, e per Cristo, e per lo Spirito Santo","quando nella matricula si scrivono e giurano su Dio, su Cristo e sullo Spirito Santo."
Bono Giamboni,1292,fior.,"per necessitade i' ridico ke, secondo il comandamento tuo, padre santo Agostino, le battaglie già state nel mondo [..]","Per necessità io dico che, secondo il tuo comandamento, padre santo Agostino, le battaglie già combattute nel mondo..."
Brunetto Latini,1294,fior.,"molto di maggiore memoria saranno faccendole al re, perciò che nella nostra cittade sempre fue santo e glorioso il nome reale, e sse furono compagni fue il loro nome santissimo;","Di maggiore memoria saranno le faccende del re, perché nella nostra città il nome reale è sempre stato santo e glorioso, e se furono compagni, il loro nome fu santissimo."
Cavalca,1308,tosc.,"Non voglio, che insuperbischi per lo santo proposito, e voto della verginità vedendo le sue laudi","Non voglio che ti insuperbisci per il santo proposito e il voto di verginità, vedendo le sue lodi."
Fatti de' Romani (H+R),1313,fior.,"Santo Agostino fece u· libro ch'avea nome ""Agostino Della Città di Dio"".","Santo Agostino scrisse un libro che aveva nome ""Agostino Della Città di Dio""."
Cavalca,1330,tosc.,Gregorio. Non udii mai che egli avesse maestro; ma il dono dello Spirito Santo non si può stringere a legge.,Gregorio. Non ho mai sentito che lui avesse un maestro; ma il dono dello Spirito Santo non può essere sottomesso a legge.
Brunetto Latini,1260-61,fior.,Verbigrazia: Mercatanti fiorentini passavano in nave per andare oltramare.,Mercanti fiorentini viaggiavano in nave per andare all'estero.
Bono Giamboni,1292,fior.,"Quando averai nel cavaliere i detti segni veduti non andare a grandezza caendo, perchè nelle battaglie sono più utili i forti che i grandi.","Quando avrai osservato nel cavaliere i segni menzionati, non farti prendere dalla grandezza, perché nelle battaglie sono più utili i forti che i grandi."
Bono Giamboni,1292,fior.,"e, cosa che anche è più grave, cioè essere preso, o vero fuggire, e suo Comune lasciare vincere.","E il fatto che è anche più grave, cioè essere catturato, o piuttosto fuggire, lasciando suo Comune vincere."
Filippo da Santa Croce,1323,tosc.,"Sappiate veramente, che se noi non ci fossimo sì affrettati del fuggire, noi saremmo tutti morti.","Dovete sapere che se non ci fossimo affrettati a fuggire, saremmo tutti morti."
Deca quarta,1346,fior.,"Tarco cretense che in aiuto era alli nimici avrebbe potuto fuggire, ma la vergogna d'abbandonare li nobilissimi cavalieri della gente achea poco avanti da lui","Tarco cretese, che stava aiutando i nemici, avrebbe potuto fuggire, ma la vergogna di abbandonare i nobilissimi cavalieri del popolo acheo poco prima di lui."
Brunetto Latini,1260-61,fior.,"e l' acconciamento a fare grandissime cose, cioè a ttenere pace et amare Idio e 'l proximo, a ffare cittadi, castella e magioni","e l'accomandamento a fare grandissime cose, cioè tenere pace e amare Dio e il prossimo, a fare città, castelli e magioni."
Giovanni da San Miniato,1415,tosc.,colui che ancora non sa amare il prossimo come sé medesimo già cominci a temere i giudicii di Dio. ,"Chi ancora non sa amare il prossimo come sé stesso, cominci già a temere i giudizi di Dio."
Arte Am. Ovid. (B),1310/13,fior.,"L'ucello, poi che hae impaniate le ali, non fugge salvamente, né llo porco salvatico esce bene delle reti ove cade.","L'uccello, dopo che ha le ali impiastricciate, non fugge in sicurezza, né il cinghiale selvatico esce bene dalle reti dove cade."
Cavalca,1308,tosc.,"Io gli apersi, e quelli fuggitte. E che bisogno è, che lo cuore tuo stia chiuso al tuo sposo Cristo?",Io gli ho aperto e loro sono fuggiti. E che bisogno c'è che il tuo cuore resti chiuso al tuo sposo Cristo?
Prima catilinaria volg. (red. A),1294,fior.,"E dunque, da che queste cose son così, Catellina, e tu non puoi buonamente qui dimorare, dubiti tu d'andartene in alcuna terra ed usare questa vita fuggendo per li diserti","E dunque, dato che queste cose sono così, Catellina, e tu non puoi vivere bene qui, dubiti di andartene in qualche terra e vivere questa vita fuggendo per i deserti."
Chiose a Valerio Massimo (D - L. I-V),1346,tosc.,"Questi due, volendo contra la voglia del senato dimorare ne l'ufficio del tribunato, furono morti da la plebe, incitandola i padri coscritti.","Questi due, volendo restare nell'ufficio del tribunato nonostante il volere del senato, vennero uccisi dalla plebe, incitata dai padri coscritti."
Bono Giamboni,1292,fior.,"i giovani, a cui il difendimento delle provincie, e la ventura di tutta la battaglia si commette","I giovani, a cui è affidata la difesa delle province e la sorte di tutta la battaglia."
Bono Giamboni,1292,fior.,"da' monti de' Romani si feciero nuovi nemici; contra i quali è conbactuto cum diversa ventura: perké nela primaia battaglia, essendo consolo Valerio, MMMD ne moriro de' Romani;","Dai monti dei Romani emersero nuovi nemici; contro i quali fu combattuta una battaglia con esito variabile: perché nella prima battaglia, con il console Valerio, 3500 Romani persero la vita;"
Fatti de' Romani (H+R),1313,fior.,"noi iscaciati e dipartiti per debito dela cittade, e tutti iscaciati da fama e da ventura buona.","Noi scacciati e partiti per il debito della città, e tutti scacciati dalla fama e dalla buona fortuna."
Simintendi,1333,tosc.,pregaste gli dei per me; e' vostri preghieri valsono: e se voi domandate chi ebbe ventura di questa battaglia; io non fui vinto da colui.,Havete pregato gli dei per me; e i vostri pregheri valsero: e se voi domandate chi ebbe successo in questa battaglia; io non fui sconfitto da lui.
Valerio Massimo (red. V1,1336,fior.,"una villa chiamata Vitermina, con ciò fosse cosa che piusori principi di scherani corressero per ventura a quel tempo a vederlo, Scipione, stimando che venissero per isforzarlo, allogò ne la casa","Una villa chiamata Vitermina, come se fosse cosa che più d'uno principe dei nobili corresse per caso in quel periodo a vederlo, Scipione, stimando che venissero per attaccarlo, si alloggiò in casa."
Brunetto Latini,1260-61,fior.,contra lui e contra le sue sorelle  e contra il reame e contra l' alto pregio della sua ingenerazione e della sua familia,Contro di lui e contro le sue sorelle e contro il regno e contro l'alto pregio della sua origine e della sua famiglia.
Fatti de' Romani (H+R),1313,fior.,"Allora che il navilio si fue impinto e messo in alto mare per andare diritto per mezo questo trapasso periglioso, l'aira divenne nuvolosa e pioveginosa","Quando la flotta iniziò a salpare e fu messa in mare aperto per procedere dritto attraverso questo passaggio pericoloso, l'aria divenne nuvolosa e piovosa."
Filippo da Santa Croce,1323,tosc.,"ne salìo in su l'argine del fosso, e in su lo steccato, se da alto si potessero difendere, o per alcuna maniera passare oltre e scampare.","Ne salì sulla sponda del fossato e sul recinto, se da lì in alto potessero difendersi, o in qualche modo passare oltre e scampare."
Alberto della Piagentina,1330/32,fior.,"Ma l' occhio della intelligenza è più alto. Perciò che, passata la grandezza della universitade, quella medesima semplice forma vede nella sottil vista","Ma l'occhio dell'intelligenza è più alto. Perciò che, passata la grandezza dell'università, quella medesima semplice forma vede nella sottile vista."
Brunetto Latini,1260-61,fior.,"Et se l' occhio è nobile membro del corpo dell' uomo, dunque la salutazione è nobile parte della pistola, c' altressì allumina tutta la lettera come l' occhio allumina l' uomo.","E se l'occhio è un nobile membro del corpo dell'uomo, allora la salutazione è una nobile parte della pistola, che inoltre illumina tutta la lettera come l'occhio illumina l'uomo."
Bono Giamboni,1292,fior.,"Tarentini, i quali erano nati di quegli di Lacedemonia et facta da lloro nobile cittade de' Greci.","I Tarentini, che erano nati da quelli di Lacedemone e la loro nobile città dei Greci, fatta da loro."
Fatti de' Romani (H+R),1313,fior.,"Ulecois, ebe un uomo rico e nobile: Orgentore fue chiamato per nome.","Ulecois, aveva un uomo ricco e nobile: Orgentore fu chiamato per nome."
Valerio Massimo (red. Va),1336,tosc.,"però che, sse nobile cosa e alta è abatte il nimico, ampoi nonn è meno laudabile sapere avere misiricordia","Tuttavia, se abbattere il nemico è una cosa nobile ed alta, non è meno laudabile saper mostrare misericordia."
Bono Giamboni,1292,fior.,"Alexandri, ciò è il genero e 'l figliuolo, da Phausonia, gentile iovane di Macedonia, stando in uno luogo strecto sanza guardia, fue morto.","Alexandri, che è il genero e il figlio, da Phaenosia, nobile giovane di Macedonia, mentre si trovava in un luogo stretto senza guardia, fu ucciso."
Grazia di Meo,1343,tosc.,"Alchuno è riccho e gentile, ma lamentasi che vorebbe avere altra moglie che quella ch'egli à.","Qualcuno è ricco e gentile, ma si lamenta che vorrebbe avere un'altra moglie invece di quella che ha."
Zanobi da Strada,1361,tosc.,"Pietro, essendogli mostrato in figura il populo Gentile, sì gli fu detto: ammazza, e mangia","Pietro, essendogli stato mostrato in una visione il popolo dei Gentili, gli fu detto: uccidi e mangia."
Declamazioni di Seneca,1392,tosc.,"pregollo che lo liberasse di quella obbligazione, in che egli l' aveva lasciato ubbligato. El gentile uomo assentì, e liberollo, e fecene carta.","Lo pregò di liberarlo da quell'obbligazione, da cui l'aveva lasciato vincolato. L'uomo gentile acconsentì e lo liberò, e ne fece una carta."
Giovanni da San Miniato,1415,tosc.,"L'oro verrà dall'Aquilone. Che figuriamo noi per l'Aquilone, se non il populo Gentile congelato dal freddo del peccato, il qual populo tenne sotto il giogo della sua tirannia","L'oro verrà dal Nord. Che immaginiamo noi per il Nord, se non il popolo Gentile congelato dal freddo del peccato, che ha tenuto sotto il giogo della sua tirannia."
Prima catilinaria volg. (red. A),1294,fior.,"sia in mezzo tra me e te: con noi non puo' tu già più lungamente dimorare, ch'io non lo sofferrò e non lo lascerò.","Sii in mezzo tra me e te: non puoi stare con noi più a lungo, perché non lo tollererò né lo permetterò."
